{"cameraMode":{"drawMode":0,"name":"Shaded","section":"Shading Mode"},"sceneLighting":false,"audioPlay":false,"sceneViewState":{"showFog":true,"showMaterialUpdate":true,"showSkybox":false,"showFlares":true,"showImageEffects":true,"showParticleSystems":true},"in2DMode":false,"pivot":{"x":6.901270389556885,"y":0.44013944268226626,"z":1.3518943786621094},"rotation":{"x":0.016751669347286226,"y":-0.6320693492889404,"z":-0.013649515807628632,"w":-0.7748440504074097},"size":3.885845184326172,"orthographic":false}