{"cameraMode":{"drawMode":0,"name":"Shaded","section":"Shading Mode"},"sceneLighting":false,"audioPlay":false,"sceneViewState":{"showFog":true,"showMaterialUpdate":true,"showSkybox":false,"showFlares":true,"showImageEffects":true,"showParticleSystems":true},"in2DMode":false,"pivot":{"x":-6.522909641265869,"y":0.6023162007331848,"z":10.546000480651856},"rotation":{"x":0.014992799609899521,"y":0.02999200113117695,"z":-0.00045066248276270926,"w":0.9994411468505859},"size":2.5409629344940187,"orthographic":false}