{"cameraMode":{"drawMode":0,"name":"Shaded","section":"Shading Mode"},"sceneLighting":false,"audioPlay":false,"sceneViewState":{"showFog":true,"showMaterialUpdate":true,"showSkybox":false,"showFlares":true,"showImageEffects":true,"showParticleSystems":true},"in2DMode":false,"pivot":{"x":1.2807213068008423,"y":0.3390474319458008,"z":-0.8184714317321777},"rotation":{"x":-0.1586027294397354,"y":-0.7762047052383423,"z":0.2155413180589676,"w":-0.57093745470047},"size":1.2201564311981202,"orthographic":false}