{"cameraMode":{"drawMode":0,"name":"Shaded","section":"Shading Mode"},"sceneLighting":false,"audioPlay":false,"sceneViewState":{"showFog":true,"showMaterialUpdate":true,"showSkybox":false,"showFlares":true,"showImageEffects":true,"showParticleSystems":true},"in2DMode":false,"pivot":{"x":0.21942049264907838,"y":0.15105189383029939,"z":-0.24309539794921876},"rotation":{"x":0.004540283232927322,"y":-0.99489426612854,"z":-0.09127498418092728,"w":-0.04612700268626213},"size":0.3209846615791321,"orthographic":false}