{"cameraMode":{"drawMode":0,"name":"Shaded","section":"Shading Mode"},"sceneLighting":false,"audioPlay":false,"sceneViewState":{"showFog":true,"showMaterialUpdate":true,"showSkybox":false,"showFlares":true,"showImageEffects":true,"showParticleSystems":true},"in2DMode":false,"pivot":{"x":2.24190616607666,"y":0.07845187932252884,"z":2.126758098602295},"rotation":{"x":-0.08453163504600525,"y":-0.5484034419059753,"z":0.055693816393613818,"w":-0.830154299736023},"size":2.7053914070129396,"orthographic":false}