{"cameraMode":{"drawMode":0,"name":"Shaded","section":"Shading Mode"},"sceneLighting":true,"audioPlay":false,"sceneViewState":{"showFog":true,"showMaterialUpdate":true,"showSkybox":true,"showFlares":true,"showImageEffects":true,"showParticleSystems":true},"in2DMode":false,"pivot":{"x":-4.986861705780029,"y":15.452260971069336,"z":-16.332881927490236},"rotation":{"x":-0.17876650393009187,"y":-0.11185149103403092,"z":0.020518649369478227,"w":-0.9774753451347351},"size":10.0,"orthographic":false}