{"cameraMode":{"drawMode":0,"name":"Shaded","section":"Shading Mode"},"sceneLighting":false,"audioPlay":false,"sceneViewState":{"showFog":true,"showMaterialUpdate":true,"showSkybox":false,"showFlares":true,"showImageEffects":true,"showParticleSystems":true},"in2DMode":false,"pivot":{"x":0.05179863050580025,"y":-0.17094387114048005,"z":-3.1841201782226564},"rotation":{"x":0.0006761887925677002,"y":0.999070942401886,"z":-0.04048413038253784,"w":0.01647235080599785},"size":1.7660253047943116,"orthographic":false}