{"cameraMode":{"drawMode":0,"name":"Shaded","section":"Shading Mode"},"sceneLighting":false,"audioPlay":false,"sceneViewState":{"showFog":true,"showMaterialUpdate":true,"showSkybox":false,"showFlares":true,"showImageEffects":true,"showParticleSystems":true},"in2DMode":false,"pivot":{"x":-0.4580046236515045,"y":0.16676920652389527,"z":-0.6248172521591187},"rotation":{"x":0.03575494512915611,"y":-0.11457111686468125,"z":0.004126394167542458,"w":0.9927636384963989},"size":0.300866037607193,"orthographic":false}