{"cameraMode":{"drawMode":0,"name":"Shaded","section":"Shading Mode"},"sceneLighting":true,"audioPlay":false,"sceneViewState":{"showFog":true,"showMaterialUpdate":true,"showSkybox":true,"showFlares":true,"showImageEffects":true,"showParticleSystems":true},"in2DMode":false,"pivot":{"x":-11.167250633239746,"y":6.012752532958984,"z":16.70714569091797},"rotation":{"x":-0.2948363125324249,"y":-0.19553141295909882,"z":0.06200462207198143,"w":-0.9334054589271545},"size":2.5673234462738039,"orthographic":false}