{"cameraMode":{"drawMode":0,"name":"Shaded","section":"Shading Mode"},"sceneLighting":false,"audioPlay":false,"sceneViewState":{"showFog":true,"showMaterialUpdate":true,"showSkybox":false,"showFlares":true,"showImageEffects":true,"showParticleSystems":true},"in2DMode":false,"pivot":{"x":1.9063345193862916,"y":0.45043182373046877,"z":4.455784320831299},"rotation":{"x":0.05657448619604111,"y":0.835397481918335,"z":-0.0875164046883583,"w":0.5397217273712158},"size":3.057710886001587,"orthographic":false}