{"cameraMode":{"drawMode":0,"name":"Shaded","section":"Shading Mode"},"sceneLighting":false,"audioPlay":false,"sceneViewState":{"showFog":true,"showMaterialUpdate":true,"showSkybox":false,"showFlares":true,"showImageEffects":true,"showParticleSystems":true},"in2DMode":false,"pivot":{"x":0.696589469909668,"y":0.2505347728729248,"z":-3.0121612548828127},"rotation":{"x":0.008544540964066983,"y":0.990476131439209,"z":-0.07233063876628876,"w":0.1170293465256691},"size":2.666025161743164,"orthographic":false}