{"cameraMode":{"drawMode":0,"name":"Shaded","section":"Shading Mode"},"sceneLighting":true,"audioPlay":false,"sceneViewState":{"showFog":true,"showMaterialUpdate":true,"showSkybox":true,"showFlares":true,"showImageEffects":true,"showParticleSystems":true},"in2DMode":false,"pivot":{"x":-12.61080265045166,"y":6.630127906799316,"z":14.021824836730957},"rotation":{"x":-0.20488230884075166,"y":-0.02526021935045719,"z":0.005155345890671015,"w":-0.9785157442092896},"size":0.05488066375255585,"orthographic":false}