{"cameraMode":{"drawMode":0,"name":"Shaded","section":"Shading Mode"},"sceneLighting":true,"audioPlay":false,"sceneViewState":{"showFog":true,"showMaterialUpdate":true,"showSkybox":true,"showFlares":true,"showImageEffects":true,"showParticleSystems":true},"in2DMode":false,"pivot":{"x":0.12166554480791092,"y":2.008077383041382,"z":1.6032732725143433},"rotation":{"x":0.08099612593650818,"y":-0.8239351511001587,"z":0.1220414862036705,"w":0.547481894493103},"size":11.714682579040528,"orthographic":false}