{"cameraMode":{"drawMode":0,"name":"Shaded","section":"Shading Mode"},"sceneLighting":false,"audioPlay":false,"sceneViewState":{"showFog":true,"showMaterialUpdate":true,"showSkybox":false,"showFlares":true,"showImageEffects":true,"showParticleSystems":true},"in2DMode":false,"pivot":{"x":0.05530696362257004,"y":-0.1617920696735382,"z":-0.25127795338630679},"rotation":{"x":-0.1012779027223587,"y":0.7146302461624146,"z":-0.10581359267234802,"w":-0.6839969158172607},"size":0.7457014918327332,"orthographic":false}