{"cameraMode":{"drawMode":0,"name":"Shaded","section":"Shading Mode"},"sceneLighting":true,"audioPlay":false,"sceneViewState":{"showFog":true,"showMaterialUpdate":true,"showSkybox":true,"showFlares":true,"showImageEffects":true,"showParticleSystems":true},"in2DMode":false,"pivot":{"x":-12.09052562713623,"y":5.608048915863037,"z":19.108562469482423},"rotation":{"x":-0.10741676390171051,"y":0.652439296245575,"z":-0.09426477551460266,"w":-0.7443236112594605},"size":0.32134315371513369,"orthographic":false}