{"cameraMode":{"drawMode":0,"name":"Shaded","section":"Shading Mode"},"sceneLighting":false,"audioPlay":false,"sceneViewState":{"showFog":true,"showMaterialUpdate":true,"showSkybox":false,"showFlares":true,"showImageEffects":true,"showParticleSystems":true},"in2DMode":false,"pivot":{"x":-0.37002986669540408,"y":0.2520756721496582,"z":-1.365418553352356},"rotation":{"x":0.02317195199429989,"y":0.2600027918815613,"z":-0.006241397932171822,"w":0.9653123021125794},"size":0.300866037607193,"orthographic":false}