{"cameraMode":{"drawMode":0,"name":"Shaded","section":"Shading Mode"},"sceneLighting":false,"audioPlay":false,"sceneViewState":{"showFog":true,"showMaterialUpdate":true,"showSkybox":false,"showFlares":true,"showImageEffects":true,"showParticleSystems":true},"in2DMode":false,"pivot":{"x":0.7628211379051209,"y":-1.3275798559188843,"z":-6.9449262619018559},"rotation":{"x":0.0049057709984481339,"y":0.9949808716773987,"z":-0.0777662917971611,"w":0.06276688724756241},"size":4.060157775878906,"orthographic":false}