{"cameraMode":{"drawMode":0,"name":"Shaded","section":"Shading Mode"},"sceneLighting":false,"audioPlay":false,"sceneViewState":{"showFog":true,"showMaterialUpdate":true,"showSkybox":false,"showFlares":true,"showImageEffects":true,"showParticleSystems":true},"in2DMode":false,"pivot":{"x":-6.822469711303711,"y":0.6882092356681824,"z":6.542120933532715},"rotation":{"x":0.0007699556299485266,"y":-0.9985774755477905,"z":0.014979745261371136,"w":0.051268305629491809},"size":2.5409629344940187,"orthographic":false}