{"cameraMode":{"drawMode":0,"name":"Shaded","section":"Shading Mode"},"sceneLighting":false,"audioPlay":false,"sceneViewState":{"showFog":true,"showMaterialUpdate":true,"showSkybox":false,"showFlares":true,"showImageEffects":true,"showParticleSystems":true},"in2DMode":false,"pivot":{"x":-6.160373210906982,"y":0.6023162007331848,"z":10.546000480651856},"rotation":{"x":0.13745009899139405,"y":0.04010379686951637,"z":-0.00557016720995307,"w":0.9896838665008545},"size":0.6824235320091248,"orthographic":false}