{"cameraMode":{"drawMode":0,"name":"Shaded","section":"Shading Mode"},"sceneLighting":false,"audioPlay":false,"sceneViewState":{"showFog":true,"showMaterialUpdate":true,"showSkybox":false,"showFlares":true,"showImageEffects":true,"showParticleSystems":true},"in2DMode":false,"pivot":{"x":0.06238451972603798,"y":-1.0028626918792725,"z":-0.39505136013031008},"rotation":{"x":0.022831765934824945,"y":-0.8195914030075073,"z":0.5716079473495483,"w":0.032735295593738559},"size":0.8660253882408142,"orthographic":false}