{"cameraMode":{"drawMode":0,"name":"Shaded","section":"Shading Mode"},"sceneLighting":false,"audioPlay":false,"sceneViewState":{"showFog":true,"showMaterialUpdate":true,"showSkybox":false,"showFlares":true,"showImageEffects":true,"showParticleSystems":true},"in2DMode":false,"pivot":{"x":-0.009858369827270508,"y":0.127395361661911,"z":1.5228241682052613},"rotation":{"x":0.010333850979804993,"y":0.726273775100708,"z":-0.010869316756725312,"w":0.6872678995132446},"size":1.7626442909240723,"orthographic":false}