{"cameraMode":{"drawMode":0,"name":"Shaded","section":"Shading Mode"},"sceneLighting":false,"audioPlay":false,"sceneViewState":{"showFog":true,"showMaterialUpdate":true,"showSkybox":false,"showFlares":true,"showImageEffects":true,"showParticleSystems":true},"in2DMode":false,"pivot":{"x":0.2874659299850464,"y":0.131155863404274,"z":-0.716282844543457},"rotation":{"x":-0.004540170077234507,"y":0.9954424500465393,"z":0.06429528445005417,"w":0.0702953040599823},"size":0.7329297661781311,"orthographic":false}