{"cameraMode":{"drawMode":0,"name":"Shaded","section":"Shading Mode"},"sceneLighting":false,"audioPlay":false,"sceneViewState":{"showFog":true,"showMaterialUpdate":true,"showSkybox":false,"showFlares":true,"showImageEffects":true,"showParticleSystems":true},"in2DMode":false,"pivot":{"x":-0.5052827596664429,"y":0.2564012408256531,"z":2.971506118774414},"rotation":{"x":0.004496796056628227,"y":0.03808295354247093,"z":0.00017167357145808637,"w":-0.9992697238922119},"size":2.1847455501556398,"orthographic":false}