{"cameraMode":{"drawMode":0,"name":"Shaded","section":"Shading Mode"},"sceneLighting":false,"audioPlay":false,"sceneViewState":{"showFog":true,"showMaterialUpdate":true,"showSkybox":false,"showFlares":true,"showImageEffects":true,"showParticleSystems":true},"in2DMode":false,"pivot":{"x":-0.23013745248317719,"y":-1.3510034084320069,"z":-0.6604481339454651},"rotation":{"x":0.010617288760840893,"y":0.46599531173706057,"z":-0.005591926164925098,"w":0.88470858335495},"size":0.8515483736991882,"orthographic":false}