{"cameraMode":{"drawMode":0,"name":"Shaded","section":"Shading Mode"},"sceneLighting":false,"audioPlay":false,"sceneViewState":{"showFog":true,"showMaterialUpdate":true,"showSkybox":false,"showFlares":true,"showImageEffects":true,"showParticleSystems":true},"in2DMode":false,"pivot":{"x":-1.0930403470993043,"y":-0.6213206052780151,"z":3.177736759185791},"rotation":{"x":-0.09219185262918472,"y":0.11978094279766083,"z":-0.011171340011060238,"w":-0.9884505271911621},"size":2.1847455501556398,"orthographic":false}