{"cameraMode":{"drawMode":0,"name":"Shaded","section":"Shading Mode"},"sceneLighting":false,"audioPlay":false,"sceneViewState":{"showFog":true,"showMaterialUpdate":true,"showSkybox":false,"showFlares":true,"showImageEffects":true,"showParticleSystems":true},"in2DMode":false,"pivot":{"x":3.088381052017212,"y":-0.25548163056373598,"z":0.15598969161510468},"rotation":{"x":0.06138738617300987,"y":0.6589580774307251,"z":-0.054073311388492587,"w":0.7477373480796814},"size":3.2660250663757326,"orthographic":false}