{"cameraMode":{"drawMode":0,"name":"Shaded","section":"Shading Mode"},"sceneLighting":true,"audioPlay":false,"sceneViewState":{"showFog":true,"showMaterialUpdate":true,"showSkybox":true,"showFlares":true,"showImageEffects":true,"showParticleSystems":true},"in2DMode":false,"pivot":{"x":-11.366254806518555,"y":5.36699914932251,"z":13.197895050048829},"rotation":{"x":-0.014721758663654328,"y":-0.9845325350761414,"z":0.10166976600885391,"w":-0.14312054216861726},"size":2.7363860607147219,"orthographic":false}